<?xml version="1.0" encoding="UTF-8"?>
<beans>
	<bean id="404" class="com.system.tools.base.HandlerFor404" />
	<bean id="BaseAction" class="com.system.tools.base.BaseAction" />
	<bean id="System_userAction" class="com.system.action.System_userAction" />
	<bean id="System_power_quickAction" class="com.system.action.System_power_quickAction" />
	<bean id="System_power_quickviewAction" class="com.system.action.System_power_quickviewAction" />
	<bean id="System_powerAction" class="com.system.action.System_powerAction" />
	<bean id="System_powerviewAction" class="com.system.action.System_powerviewAction" />
	<bean id="System_roleAction" class="com.system.action.System_roleAction" />
	<bean id="System_rolepowerAction" class="com.system.action.System_rolepowerAction" />
	<bean id="System_rolepowerviewAction" class="com.system.action.System_rolepowerviewAction" />
	<bean id="System_roleuserAction" class="com.system.action.System_roleuserAction" />
	<bean id="System_roleuserviewAction" class="com.system.action.System_roleuserviewAction" />
	<bean id="System_statusAction" class="com.system.action.System_statusAction" />
	<bean id="System_tablecolAction" class="com.system.action.System_tablecolAction" />
	<bean id="System_tempruleAction" class="com.system.action.System_tempruleAction" />
	<bean id="System_menuviewAction" class="com.system.action.System_menuviewAction" />
	<bean id="System_menuAction" class="com.system.action.System_menuAction" />
	<bean id="System_attachAction" class="com.system.action.System_attachAction" />
	<bean id="Om_treeviewAction" class="com.om.action.Om_treeviewAction" />
	<bean id="Om_positionAction" class="com.om.action.Om_positionAction" />
	<bean id="Om_posiorgviewAction" class="com.om.action.Om_posiorgviewAction" />
	<bean id="Om_organizationAction" class="com.om.action.Om_organizationAction" />
	<bean id="Om_grouptreeviewAction" class="com.om.action.Om_grouptreeviewAction" />
	<bean id="Om_groupposiAction" class="com.om.action.Om_groupposiAction" />
	<bean id="Om_groupempviewAction" class="com.om.action.Om_groupempviewAction" />
	<bean id="Om_groupAction" class="com.om.action.Om_groupAction" />
	<bean id="Om_empposorgviewAction" class="com.om.action.Om_empposorgviewAction" />
	<bean id="Om_emppositionAction" class="com.om.action.Om_emppositionAction" />
	<bean id="Om_emporgAction" class="com.om.action.Om_emporgAction" />
	<bean id="Om_employeeAction" class="com.om.action.Om_employeeAction" />
	<bean id="Om_empgroupAction" class="com.om.action.Om_empgroupAction" />
	<bean id="Om_dutyAction" class="com.om.action.Om_dutyAction" />
	<bean id="Om_busiorgAction" class="com.om.action.Om_busiorgAction" />
	
	<bean id="AppiontAction" class="com.server.action.AppiontAction" />
	<bean id="CardtypeAction" class="com.server.action.CardtypeAction" />
	<bean id="CcustomerAction" class="com.server.action.CcustomerAction" />
	<bean id="CoachAction" class="com.server.action.CoachAction" />
	<bean id="CourseAction" class="com.server.action.CourseAction" />
	<bean id="CustomerAction" class="com.server.action.CustomerAction" />
	<bean id="EmpAction" class="com.server.action.EmpAction" />
	<bean id="GoodsAction" class="com.server.action.GoodsAction" />
	<bean id="NotesAction" class="com.server.action.NotesAction" />
	<bean id="OrdermAction" class="com.server.action.OrdermAction" />
	<bean id="PlaceAction" class="com.server.action.PlaceAction" />
	<bean id="StadiumAction" class="com.server.action.StadiumAction" />
	<bean id="TicketAction" class="com.server.action.TicketAction" />
	<bean id="AllcourseAction" class="com.server.action.AllcourseAction" />
	<bean id="CuscardAction" class="com.server.action.CuscardAction" />
	<bean id="CuscardchangeAction" class="com.server.action.CuscardchangeAction" />
	<bean id="CuscardcontinueAction" class="com.server.action.CuscardcontinueAction" />
	<bean id="CuscarduserAction" class="com.server.action.CuscarduserAction" />
	<bean id="MycourseAction" class="com.server.action.MycourseAction" />
	<bean id="PlacetimeAction" class="com.server.action.PlacetimeAction" />
	
	<bean id="AppiontviewAction" class="com.server.action.AppiontviewAction" />
	<bean id="PlaceviewAction" class="com.server.action.PlaceviewAction" />
	<bean id="EmpviewAction" class="com.server.action.EmpviewAction" />
	<bean id="CoachviewAction" class="com.server.action.CoachviewAction" />
	<bean id="AllcourseviewAction" class="com.server.action.AllcourseviewAction" />
	<bean id="CustomerviewAction" class="com.server.action.CustomerviewAction" />
	<bean id="CuscardviewAction" class="com.server.action.CuscardviewAction" />
	<bean id="CuscardchangeviewAction" class="com.server.action.CuscardchangeviewAction" />
	<bean id="CuscardcontinueviewAction" class="com.server.action.CuscardcontinueviewAction" />
	<bean id="CuscarduserviewAction" class="com.server.action.CuscarduserviewAction" />
	<bean id="MycourseviewAction" class="com.server.action.MycourseviewAction" />
	
</beans>